Signal,Power,Speed
A1,350,1200
A2,400,600
A3,250,600
A4,250,1000
A5,400,1000
A6,375,1050
A7,350,700
A8,200,500
A9,350,500
A10,200,400
A11,200,700
A12,250,500
A13,400,1200
B1,200,200
B2,300,1000
B3,150,600
B4,400,800
B5,150,500
B6,300,800
B7,150,400
B8,300,700
B9,400,1600
B10,330,
B11,150,200
B12,300,500
B13,400,2000
C1,150,800
C2,200,1600
C3,200,2000
C4,250,400
C5,250,1600
C6,250,2000
C7,300,1200
C8,300,2000
C9,,600
C10,330,1050
C11,350,800
C12,350,1600
C13,,700
C14,,